from,to,becomes
0,0.000001,0
0.000002,17,1
