from,to,becomes
0,0.000001,0
0.000002,10.000001,1
10.999999,17,0
